Body Number,Plate Number,Credential Description,Expiry Date,Remarks,Status,Vehicle Type,File

H-2141,NIU 9823,HVSP,2027/03/07,,Available,TRACTOR,View and Download
H-2124,NFS 6362,HVSP,2027/02/28,,Available,TRACTOR,View and Download
H-2133,NFS 6392,HVSP,2027/02/28,,Available,TRACTOR,View and Download
H-1787,NGU 2845,HVSP,2026/05/14,HVSP H-1787,Running,TRACTOR,View and Download
H-1286,NBA 1704,HVSP,2026/04/30,HVSP H-1286,Running,TRACTOR,View and Download
H-529,AAO 1104,HVSP,2026/04/30,,Running,TRACTOR,View and Download
H-2192,NKE 4784,HVSP,2026/04/30,,Available,TRACTOR,View and Download
H-1706,NFY 5914,HVSP,2026/04/30,,Running,TRACTOR,View and Download
H-1988,NFL 4233,RTRC,2026/04/16,RTRC H-1988,Running,TRACTOR,View and Download
H-2003,NFL 4216,RTRC,2026/04/16,RTRC H-2003,Running,TRACTOR,View and Download
H-1297,NBA 1699,RTRC,2026/04/16,RTRC H-1297,Running,TRACTOR,View and Download
H-1662,NEO 8771,RTRC,2026/04/16,RTRC H-1662,Running,TRACTOR,View and Download
H-1287,NBA 1688,RTRC,2026/04/16,RTRC H-1287,Running,TRACTOR,View and Download
H-1659,NFY 9036,RTRC,2026/04/16,RTRC H-1659,Running,TRACTOR,View and Download
BO-127,AUA 5293,RTRC,2026/04/16,RTRC BO-127,Running,BULK,View and Download
BO-425,130105,RTRC,2026/04/16,RTRC BO-425,Running,BULK,View and Download
BO-652,130102,RTRC,2026/04/16,RTRC BO 652,Running,BULK,View and Download
BO-367,130110,RTRC,2026/04/16,RTRC BO-367,Running,BULK,View and Download
H-1788,NGU 2844,HVSP,2026/04/14,,Running,TRACTOR,View and Download
H-1660,NFY 9034,HVSP,2026/04/07,HVSP H-1660,Running,TRACTOR,View and Download
H-1000,NCG 4616,RTRC,2026/04/05,RTRC H-1000,Running,TRACTOR,View and Download
H-1540,NBQ 5940,RTRC,2026/04/05,RTRC H-1540,Running,TRACTOR,View and Download
H-1825,NEP 6859,RTRC,2026/04/05,RTRC H-1825,Running,TRACTOR,View and Download
H-2002,NFL 4217,RTRC,2026/04/05,RTRC H-2002,Running,TRACTOR,View and Download
H-2001,NFL 4221,RTRC,2026/04/05,RTRC H-2001,Running,TRACTOR,View and Download
H-1998,NFL 4215,RTRC,2026/04/05,RTRC H-1998,Running,TRACTOR,View and Download
H-1300,NBA 1701,RTRC,2026/04/05,RTRC H-1300,Running,TRACTOR,View and Download
H-1384,NBM 3956,RTRC,2026/04/05,RTRC H-1384,Running,TRACTOR,View and Download
H-1526,NBQ 4598,RTRC,2026/04/05,RTRC H-1526,Running,TRACTOR,View and Download
H-1536,NBQ 5943,RTRC,2026/04/05,RTRC H-1536,Running,TRACTOR,View and Download
H-2137,NFS 6422,RTRC,2026/04/05,RTRC - H-2137,Available,TRACTOR,View and Download
BO-153,AUA 5335,RTRC,2026/04/05,RTRC BO-153,Running,BULK,View and Download
BO-583,130101,RTRC,2026/04/05,RTRC BO-583,Running,BULK,View and Download
BO-095,AUA 5259,RTRC,2026/04/05,RTRC BO-095,Running,BULK,View and Download
BO-103,AUA 5255,RTRC,2026/04/05,RTRC BO-103,Running,BULK,View and Download
BO-436,130105,RTRC,2026/04/05,RTRC BO 436,Running,BULK,View and Download
BO-788,AUA 3671,RTRC,2026/04/05,RTRC BO-788,Running,BULK,View and Download
BO-172,AUA 4788,RTRC,2026/04/05,RTRC BO-172,Running,BULK,View and Download
H-9006,TH-09 NDV 8034,HVSP,2026/04/01,,Running,TRACTOR,View and Download
H-1989,NFL 4223,HVSP,2026/03/31,HVSP H-1989,Running,TRACTOR,View and Download
H-1295,NBA 1703,HVSP,2026/03/31,,Running,TRACTOR,View and Download
H-2101,NIK 4851,HVSP,2026/03/24,,Available,TRACTOR,View and Download
H-1991,NFL 4213,HVSP,2026/03/24,,Running,TRACTOR,View and Download
H-2189,NKE 4736,HVSP,2026/03/24,,Available,TRACTOR,View and Download
H-809,ABG 6439,RTRC,2026/03/15,RTRC H-809,Running,TRACTOR,View and Download
H-1350,NBB 2331,RTRC,2026/03/15,RTRC H-1350,Running,TRACTOR,View and Download
H-1365,NBB 2328,RTRC,2026/03/15,RTRC H-1365,Running,TRACTOR,View and Download
H-1380,NBM 3960,RTRC,2026/03/15,RTRC H-1380,Running,TRACTOR,View and Download
BO-796,120106,RTRC,2026/03/15,RTRC BO-796,Running,BULK,View and Download
BO-790,120106,RTRC,2026/03/15,RTRC BO-790,Running,BULK,View and Download
BO-362,130110,RTRC,2026/03/15,RTRC BO 362,Running,BULK,View and Download
BO-654,130102,RTRC,2026/03/15,RTRC BO 654,Running,BULK,View and Download
BO-254,130109,RTRC,2026/03/15,RTRC BO 254,Running,BULK,View and Download
H-702,ABG 6443,HVSP,2026/03/14,,Running,TRACTOR,View and Download
H-1536,NBQ 5943,HVSP,2026/03/14,,Running,TRACTOR,View and Download
H-1654,NGL 6713,HVSP,2026/03/07,HVSP H-1654,Running,TRACTOR,View and Download
H-1676,NFY 5923,HVSP,2026/03/07,,Running,TRACTOR,View and Download
H-1298,NBA 1702,HVSP,2026/02/28,,Running,TRACTOR,View and Download
H-1525,NBQ 4602,HVSP,2026/02/28,,Running,TRACTOR,View and Download
H-1702,NFY 5909,RTRC,2026/02/26,RTRC H-1702,Running,TRACTOR,View and Download
BO-884,130105,RTRC,2026/02/25,RTRC BO-884,Running,BULK,View and Download
BO-890,130105,RTRC,2026/02/24,RTRC BO-890,Running,BULK,View and Download
BO-889,130105,RTRC,2026/02/23,RTRC BO-889,Available,BULK,View and Download
BO-169,TUA 587,RTRC,2026/02/22,RTRC BO-169,Running,BULK,View and Download
BO-888,130105,RTRC,2026/02/21,RTRC BO-888,Running,BULK,View and Download
BO-892,130105,RTRC,2026/02/20,RTRC BO-892,Running,BULK,View and Download
BO-899,130105,RTRC,2026/02/18,RTRC BO-899,Running,BULK,View and Download
BO-887,130105,RTRC,2026/02/16,RTRC BO-887,Running,BULK,View and Download
BO-261,130309,RTRC,2026/02/15,RTRC BO-261,Running,BULK,View and Download
H-583,ARA 7552,HVSP,2026/02/14,,Running,TRACTOR,View and Download
H-1060,NCX 7642,HVSP,2026/02/14,,Running,TRACTOR,View and Download
H-1001,NCG 4611,RTRC,2026/02/08,RTRC H-1001,Running,TRACTOR,View and Download
H-1821,NEP 6861,RTRC,2026/02/08,RTRC H-1821,Running,TRACTOR,View and Download
H-1707,NFY 5912,RTRC,2026/02/08,RTRC H-1707,Running,TRACTOR,View and Download
H-1706,NFY 5914,RTRC,2026/02/08,RTRC H-1706,Running,TRACTOR,View and Download
H-1379,NBM 3962,RTRC,2026/02/08,RTRC H-1379,Running,TRACTOR,View and Download
H-1787,NGU 2845,RTRC,2026/02/08,RTRC H-1787,Running,TRACTOR,View and Download
BO-162,AUA 5347,RTRC,2026/02/08,RTRC BO-162,Running,BULK,View and Download
BO-894,130105,RTRC,2026/02/08,RTRC BO-894,Running,BULK,View and Download
BO-102,AUA 5253,RTRC,2026/02/08,RTRC BO-102,Running,BULK,View and Download
H-1675,NFY 5922,HVSP,2026/02/07,HVSP H-1675,Running,TRACTOR,View and Download
H-1370,NBB 2332,HVSP,2026/02/07,,Running,TRACTOR,View and Download
H-2143,NIU 9832,HVSP,2026/02/07,,Available,TRACTOR,View and Download
BO-368,130110,RTRC,2026/02/01,RTRC BO-368,Running,BULK,View and Download
BO-179,AUA 4792,RTRC,2026/02/01,RTRC BO-179,Running,BULK,View and Download
BO-357,130110,RTRC,2026/02/01,RTRC BO-357,Running,BULK,View and Download
BO-369,130110,RTRC,2026/02/01,RTRC BO-369,Running,BULK,View and Download
BO-839,130108,RTRC,2026/02/01,RTRC BO-839,Running,BULK,View and Download
BO 932,1301-2017724,RTRC,2026/02/01,,Running,BULK,View and Download
BO 935,1301-2017709,RTRC,2026/02/01,,Running,BULK,View and Download
BO 938,1301-2017705,RTRC,2026/02/01,,Running,BULK,View and Download
BO-768 / T-33,130110,RTRC,2026/02/01,RTRC BO 768,Running,FLATBED,View and Download
BO-277 / T-49,130110,RTRC,2026/02/01,RTRC BO 277,Running,FLATBED,View and Download
BO-877 / T-116,130109,RTRC,2026/02/01,RTRC BO-877,Running,FLATBED,View and Download
BO-878 / T-117,130109,RTRC,2026/02/01,RTRC - BO 878,Running,FLATBED,View and Download
H-9005,TH-44 NDV 8031,RTRC,2026/01/25,RTRC H-9005 / TH-44,Running,TRACTOR,View and Download
H-1348,NBB 2330,RTRC,2026/01/25,RTRC H-1348,Running,TRACTOR,View and Download
H-9006,TH-09 NDV 8034,RTRC,2026/01/25,RTRC H-9006 / TH-09,Running,TRACTOR,View and Download
H-1367,NBB 2327,RTRC,2026/01/25,RTRC H-1367,Running,TRACTOR,View and Download
H-1655,NEG 8466,RTRC,2026/01/25,RTRC H-1655,Running,TRACTOR,View and Download

H-2068,NIN5531,RTRC,2026/01/25,,Sold,TRACTOR,View and Download
H-2123,NFS 6352,RTRC,2026/01/25,,Available,TRACTOR,View and Download
BO-265,130109,RTRC,2026/01/25,RTRC BO-265,Running,BULK,View and Download
H-2126,NFS 6372,HVSP,2026/01/22,,Available,TRACTOR,View and Download
H-2194,NKJ 6279,HVSP,2026/01/22,,Available,TRACTOR,View and Download
H-1538,NBQ 5949,RTRC,2026/01/17,RTRC H-1538,Running,TRACTOR,View and Download
H-758,ABG 6427,RTRC,2026/01/17,RTRC H-758,Running,TRACTOR,View and Download
H-1970,NFD 2990,RTRC,2026/01/17,RTRC H-1970,Running,TRACTOR,View and Download
H-1972,NFD3763,RTRC,2026/01/17,RTRC H-1972,Running,TRACTOR,View and Download
H-1974,NFD3762,RTRC,2026/01/17,RTRC H-1974,Running,TRACTOR,View and Download
H-1637,NEG 8467,RTRC,2026/01/17,RTRC H-1637,Running,TRACTOR,View and Download
H-1658,NFY 9040,RTRC,2026/01/17,RTRC H-1658,Running,TRACTOR,View and Download
H-1656,NFY 9039,RTRC,2026/01/17,RTRC H-1656,Running,TRACTOR,View and Download
H-1674,NFY 5918,RTRC,2026/01/17,RTRC H-1674,Running,TRACTOR,View and Download
H-1968,NFD 2988,RTRC,2026/01/17,RTRC H-1968,Running,TRACTOR,View and Download
H-2100,NIK 4850,RTRC,2026/01/17,RTRC H-2100,Available,TRACTOR,View and Download
H-2073,NIN5543,RTRC,2026/01/17,RTRC H-2073,Available,TRACTOR,View and Download
BO-252,130309,RTRC,2026/01/17,RTRC BO-252,Running,BULK,View and Download
BO 943,1301-2017706,RTRC,2026/01/17,,Running,BULK,View and Download
H-580,ARA 7551,HVSP,2026/01/14,,Running,TRACTOR,View and Download
H-701,ABG 6441,HVSP,2026/01/14,,Running,TRACTOR,View and Download
H-1633,NEG 8470,RTRC,2026/01/11,RTRC H-1633,Running,TRACTOR,View and Download
H-709,ABG 6442,RTRC,2026/01/11,RTRC H-709,Running,TRACTOR,View and Download
H-1978,NFD3761,RTRC,2026/01/11,RTRC H-1978,Running,TRACTOR,View and Download
H-1969,NFD 2989,RTRC,2026/01/11,RTRC H-1969,Running,TRACTOR,View and Download
H-1971,NFD3750,RTRC,2026/01/11,RTRC H-1971,Running,TRACTOR,View and Download
H-1973,NFD3751,RTRC,2026/01/11,RTRC H-1973,Running,TRACTOR,View and Download
H-1975,NFD3752,RTRC,2026/01/11,RTRC H-1975,Running,TRACTOR,View and Download
H-1976,NFD3764,RTRC,2026/01/11,RTRC H-1976,Running,TRACTOR,View and Download
H-1966,NFD 2987,RTRC,2026/01/11,RTRC H-1966,Running,TRACTOR,View and Download
H-584,ARA 7550,RTRC,2026/01/11,RTRC H-584,Running,TRACTOR,View and Download
H-1661,NFY 9037,RTRC,2026/01/11,RTRC H-1661,Running,TRACTOR,View and Download
H-1977,NFD3657,RTRC,2026/01/11,RTRC H-1977,Running,TRACTOR,View and Download
H-2064,NIN5544,RTRC,2026/01/11,RTRC H-2064,Available,TRACTOR,View and Download
BO-710,130107,RTRC,2026/01/11,RTRC BO-710,Running,BULK,View and Download
BO-189,TUH 375,RTRC,2026/01/11,RTRC BO-189,Running,BULK,View and Download
BO-100,AUA 5267,RTRC,2026/01/11,RTRC BO-100,Running,BULK,View and Download
H-2070,NIN5529,PRODRIVER,2026/01/10,,Sold,TRACTOR,View and Download
BO 964,NUB 1253,PRODRIVER,2026/01/10,,Available,BULK,View and Download
BO 958,NUB 1526,PRODRIVER,2026/01/10,,Available,BULK,View and Download
H-1673,NFY 5921,HVSP,2026/01/07,,Running,TRACTOR,View and Download
H-1700,NFY 5911,HVSP,2026/01/07,,Running,TRACTOR,View and Download
H-1784,NGU 2841,HVSP,2026/01/06,HVSP H-1784,Running,TRACTOR,View and Download
H-1635,NEG 8471,RTRC,2026/01/06,RTRC H-1635,Running,TRACTOR,View and Download
H-2142,NIU 9831,HVSP,2026/01/06,,Available,TRACTOR,View and Download
H-9005,TH-44 NDV 8031,HVSP,2026/01/06,,Running,TRACTOR,View and Download
H-1792,NGU 2840,PRODRIVER,2025/12/26,,Running,TRACTOR,View and Download
H-1824,NEP 6855,PRODRIVER,2025/12/26,,Running,TRACTOR,View and Download
H-1660,NFY 9034,PRODRIVER,2025/12/26,,Running,TRACTOR,View and Download
BO 954,NUB 1513,PRODRIVER,2025/12/26,,Available,BULK,View and Download
BO 955,NUB 1514,PRODRIVER,2025/12/26,,Available,BULK,View and Download
BO 956,NUB 1515,PRODRIVER,2025/12/26,,Available,BULK,View and Download
BO 962,NUB 1235,PRODRIVER,2025/12/26,,Available,BULK,View and Download
BO-841,130108,RTRC,2025/12/24,RTRC BO-841,Running,BULK,View and Download
H-1636,NEG 8472,RTRC,2025/12/21,RTRC H-1636,Running,TRACTOR,View and Download
H-1657,NFY 9035,RTRC,2025/12/21,RTRC H-1657,Running,TRACTOR,View and Download
H-1663,NFY 9038,RTRC,2025/12/21,RTRC H-1663,Running,TRACTOR,View and Download
BO-366,130110,RTRC,2025/12/21,RTRC BO-366,Running,BULK,View and Download
BO-185,TUH 397,RTRC,2025/12/21,RTRC BO-185,Running,BULK,View and Download
BO-901,AUA 9806,RTRC,2025/12/21,,Running,BULK,View and Download
BO 975,NUB 1226,RTRC,2025/12/21,,Available,BULK,View and Download
BO-872 / T-111,130109,RTRC,2025/12/21,RTRC BO-872,Running,FLATBED,View and Download
BO-876 / T-115,130109,RTRC,2025/12/21,RTRC BO-876,Running,FLATBED,View and Download
BO-684 / T-17,130104,PRODRIVER,2025/12/18,,Running,FLATBED,View and Download
H-9001,TH-41 NDV 8030,RTRC,2025/12/14,RTRC H-9001 / TH-41,Running,TRACTOR,View and Download
H-1678,NFY 5919,RTRC,2025/12/14,RTRC H-1678,Running,TRACTOR,View and Download
H-2097,NIK 4852,RTRC,2025/12/14,H-2097 - RTRC,Available,TRACTOR,View and Download
BO-842,130108,RTRC,2025/12/14,RTRC BO-842,Running,BULK,View and Download
BO-835,130108,RTRC,2025/12/14,RTRC BO-835,Running,BULK,View and Download
BO-775,130103,RTRC,2025/12/14,RTRC BO 775,N/A,BULK,View and Download
BO-257,130309,RTRC,2025/12/14,RTRC BO 257,Running,BULK,View and Download
BO-833,130108,RTRC,2025/12/14,RTRC BO 833,Running,BULK,View and Download
H-2089,NIK 4843,HVSP,2025/12/13,,Available,TRACTOR,View and Download
H-708,ABG 6435,RTRC,2025/11/23,RTRC H-708,Running,TRACTOR,View and Download
H-527,AAO 1102,RTRC,2025/11/23,RTRC H-527,Running,TRACTOR,View and Download
H-2080,NIK 4840,RTRC,2025/11/23,RTRC H-2080,Available,TRACTOR,View and Download
BO-844,130108,RTRC,2025/11/23,RTRC BO-844,Available,BULK,View and Download
BO-832,130108,RTRC,2025/11/23,RTRC BO-832,Available,BULK,View and Download
BO-428,130105,RTRC,2025/11/23,RTRC BO 428,Running,BULK,View and Download
BO-838,130108,RTRC,2025/11/23,RTRC BO 838,Running,BULK,View and Download
BO-110,AUA 5251,RTRC,2025/11/23,RTRC BO-110,Running,BULK,View and Download
BO-183,TUF 241,RTRC,2025/11/23,RTRC BO 183,Running,BULK,View and Download
BO-686 / T-03,130104,RTRC,2025/11/23,RTRC BO-686,Running,FLATBED,View and Download
BO-717,130107,RTRC,2025/11/16,RTRC BO-717,Running,BULK,View and Download
BO-355,130110,RTRC,2025/11/16,RTRC BO-355,Running,BULK,View and Download
BO-907,AUA 9807,RTRC,2025/11/16,RTRC BO-907,Running,BULK,View and Download
BO-234,130109,RTRC,2025/11/16,RTRC BO 234,Running,BULK,View and Download
BO-792,120106,RTRC,2025/11/16,RTRC BO 792,Running,BULK,View and Download
BO-840,130108,RTRC,2025/11/16,,Running,BULK,View and Download
BO-856,130107,RTRC,2025/11/16,RTRC BO 856,Available,FLATBED,View and Download
BO-871 / T-110,130109,RTRC,2025/11/16,RTRC BO-871,Available,FLATBED,View and Download
H-581,ARA 7547,RTRC,2025/11/02,RTRC H-581,Running,TRACTOR,View and Download
H-1675,NFY 5922,RTRC,2025/11/02,RTRC H-1675,Running,TRACTOR,View and Download
H-1785,NGU 2836,RTRC,2025/11/02,RTRC H-1785,Running,TRACTOR,View and Download
H-2083,NIK 4841,RTRC,2025/11/02,RTRC H-2083,Running,TRACTOR,View and Download
H-2067,NIN5532,RTRC,2025/11/02,,Running,TRACTOR,View and Download
BO-836,130108,RTRC,2025/11/02,RTRC BO-836,Available,BULK,View and Download
BO-264,130109,RTRC,2025/11/02,RTRC BO 264,Running,BULK,View and Download
BO-410,130105,RTRC,2025/11/02,,Running,BULK,View and Download
BO-694 / T-18,130104,RTRC,2025/11/02,RTRC BO 694,Running,FLATBED,View and Download

BO-300 / T-60,130110,RTRC,2025/11/02,RTRC BO 300 - T-60,Running,FLATBED,View and Download
BO-869 / T-108,130109,RTRC,2025/11/02,RTRC BO 869,Available,FLATBED,View and Download
BO-867 / T-106,130109,RTRC,2025/11/02,RTRC BO 867 / T-106,Available,FLATBED,View and Download
H-525,AAO 1100,HVSP,2025/10/31,,Running,TRACTOR,View and Download
H-2204,NKK 8660,HVSP,2025/10/30,,Available,TRACTOR,View and Download
H-2231,NKH 5540,HVSP,2025/10/30,,Running,TRACTOR,View and Download
H-2236,NKK 6230,HVSP,2025/10/30,,Available,TRACTOR,View and Download
H-2232,NKH 5530,HVSP,2025/10/30,,Running,TRACTOR,View and Download
H-2237,NKK 6240,HVSP,2025/10/30,,Available,TRACTOR,View and Download
H-1998,NFL 4215,PRODRIVER,2025/10/26,PRODRIVER H-1998,Running,TRACTOR,View and Download
H-1003,NCG 4612,PRODRIVER,2025/10/26,,Running,TRACTOR,View and Download
BO-867 / T-106,130109,PRODRIVER,2025/10/26,,Available,FLATBED,View and Download
H-1633,NEG 8470,HVSP,2025/10/21,,Running,TRACTOR,View and Download
H-1017,NCG 4618,PRODRIVER,2025/10/21,,Running,TRACTOR,View and Download
H-603,ARA 7549,RTRC,2025/10/15,RTRC H-603,Running,TRACTOR,View and Download
H-1304,NBA 1697,RTRC,2025/10/15,RTRC H-1304,Running,TRACTOR,View and Download
H-757,ABG 6428,RTRC,2025/10/15,RTRC H-757,Running,TRACTOR,View and Download
H-1857,DAF 7135,RTRC,2025/10/15,RTRC H-1857,Running,TRACTOR,View and Download
H-2144,NIU 9833,RTRC,2025/10/15,RTRC H-2144,Available,TRACTOR,View and Download
H-2142,NIU 9831,RTRC,2025/10/15,RTRC H-2142,Available,TRACTOR,View and Download
H-2189,NKE 4736,RTRC,2025/10/15,RTRC H-2189,Available,TRACTOR,View and Download
BO-069,TUG 248,RTRC,2025/10/15,RTRC BO-069,Running,BULK,View and Download
BO-152,AUA 5334,RTRC,2025/10/15,RTRC BO-152,Running,BULK,View and Download
BO-196,AUD 279,RTRC,2025/10/15,RTRC BO 196,Running,BULK,View and Download
BO-915,130101,RTRC,2025/10/15,RTRC BO 915,Available,FLATBED,View and Download
BO-920,130101,RTRC,2025/10/15,RTRC BO 920,Available,FLATBED,View and Download
BO-918,130101,RTRC,2025/10/15,RTRC BO 918,Available,FLATBED,View and Download
H-1059,NCX 7640,HVSP,2025/10/14,HVSP H-1059,Running,TRACTOR,View and Download
H-1658,NFY 9040,HVSP,2025/10/14,HVSP H-1658,Running,TRACTOR,View and Download
H-1792,NGU 2840,HVSP,2025/10/14,,Running,TRACTOR,View and Download
H-1752,NGP 1760,HVSP,2025/10/14,,Running,TRACTOR,View and Download
H-1822,NEP 6860,HVSP,2025/10/08,HVSP H-1822,Running,TRACTOR,View and Download
H-1018,NCG 4620,HVSP,2025/10/07,HVSP H-1018,Running,TRACTOR,View and Download
H-711,ABG 6430,HVSP,2025/10/07,HVSP H-711,Running,TRACTOR,View and Download
H-1677,NFY 5920,HVSP,2025/10/07,HVSP H-1677,Running,TRACTOR,View and Download
H-1965,DAF 5430,HVSP,2025/10/07,HVSP H-1965,Available,TRACTOR,View and Download
H-1869,NES 3045,RTRC,2025/10/05,RTRC,Running,TRACTOR,View and Download
H-1902,NFJ 4010,RTRC,2025/10/05,RTRC,Running,TRACTOR,View and Download
BO-191,TUC 365,RTRC,2025/10/05,RTRC BO 191,Running,BULK,View and Download
H-1070,NCJ 4699,HVSP,2025/09/30,HVSP H-1070,Running,TRACTOR,View and Download
H-1287,NBA 1688,PRODRIVER,2025/09/30,,Running,TRACTOR,View and Download
H-2206,NKK 8659,HVSP,2025/09/30,,Available,TRACTOR,View and Download
H-2233,NKH 5529,HVSP,2025/09/30,,Running,TRACTOR,View and Download
BO-758 / T-23,130110,PRODRIVER,2025/09/30,PRODRIVER BO-758 - T-23,Running,FLATBED,View and Download
BO-694 / T-18,130104,PRODRIVER,2025/09/30,,Running,FLATBED,View and Download
H-1400,NBM 3959,HVSP,2025/09/14,HVSP H-1400,Running,TRACTOR,View and Download
H-1656,NFY 9039,HVSP,2025/09/10,HVSP H-1656,Running,TRACTOR,View and Download
H-1825,NEP 6859,HVSP,2025/09/08,HVSP H-1825,Running,TRACTOR,View and Download
H-1061,NCX 7639,HVSP,2025/09/07,,Running,TRACTOR,View and Download
H-1791,NGU 2839,HVSP,2025/09/07,,Running,TRACTOR,View and Download
H-1349,NBB 2329,HVSP,2025/09/07,,Running,TRACTOR,View and Download
H-998,NCG 4608,HVSP,2025/08/31,HVSP H-998,Running,TRACTOR,View and Download
H-1043,NCF 8871,RTRC,2025/08/31,RTRC H-1043,Running,TRACTOR,View and Download
H-530,AEA 4674,RTRC,2025/08/31,RTRC H-530,Running,TRACTOR,View and Download
H-2088,NIK 4847,RTRC,2025/08/31,,Available,TRACTOR,View and Download
H-2062,NIN5525,RTRC,2025/08/31,,Available,TRACTOR,View and Download
H-2082,NIK 4838,RTRC,2025/08/31,,Running,TRACTOR,View and Download
H-2101,NIK 4851,RTRC,2025/08/31,,Available,TRACTOR,View and Download
H-1703,NFY 5908,HVSP,2025/08/31,,Running,TRACTOR,View and Download
BO-228,BUA 2273,RTRC,2025/08/31,RTRC BO-228,Running,BULK,View and Download
BO-256,130309,RTRC,2025/08/31,RTRC BO 256,Running,BULK,View and Download
BO-233,130109,RTRC,2025/08/31,RTRC BO 233,Running,BULK,View and Download
BO-786,120106,RTRC,2025/08/31,RTRC BO 786,Running,BULK,View and Download
BO-350,130110,RTRC,2025/08/31,,Running,BULK,View and Download
BO 949,NUB 1496,RTRC,2025/08/31,BO 949 - RTRC,Available,BULK,View and Download
BO-891,130105,RTRC,2025/08/31,,Running,BULK,View and Download
BO-866 / T-105,130109,RTRC,2025/08/31,RTRC BO 866,Available,FLATBED,View and Download
H-1677,NFY 5920,MILEAGE,2025/08/30,MILEAGE H-1677,Running,TRACTOR,View and Download
H-1991,NFL 4213,MILEAGE,2025/08/30,MILEAGE H-1991,Running,TRACTOR,View and Download
H-1997,NFL 4214,MILEAGE,2025/08/30,H-1997 - MILEAGE,Running,TRACTOR,View and Download
H-2203,NKK 8668,HVSP,2025/08/30,,Available,TRACTOR,View and Download
H-2205,NKK 8658,HVSP,2025/08/30,,Available,TRACTOR,View and Download
H-2235,NKK 6238,HVSP,2025/08/30,,Available,TRACTOR,View and Download
BO-899,130105,MILEAGE,2025/08/30,MILEAGE BO 899,Running,BULK,View and Download
BO-910,130105,MILEAGE,2025/08/30,MILEAGE BO 910,Running,BULK,View and Download
BO-893,130105,MILEAGE,2025/08/30,BO 893 - MILEAGE,Running,BULK,View and Download
BO-896,130105,MILEAGE,2025/08/30,BO 896 - MILEAGE,Running,BULK,View and Download
BO 943,1301-2017706,MILEAGE,2025/08/30,,Running,BULK,View and Download
H-1824,NEP 6855,HVSP,2025/08/14,HVSP H-1824,Running,TRACTOR,View and Download
H-1823,NEP 6858,HVSP,2025/08/14,,Running,TRACTOR,View and Download
H-1370,NBB 2332,RTRC,2025/08/07,RTRC H-1370,Running,TRACTOR,View and Download
H-1071,NCJ 4700,RTRC,2025/08/07,RTRC H-1071,Running,TRACTOR,View and Download
H-1401,NBM 3965,RTRC,2025/08/07,RTRC H-1401,Running,TRACTOR,View and Download
H-604,ARA 7554,RTRC,2025/08/07,RTRC H-604,Running,TRACTOR,View and Download
H-525,AAO 1100,RTRC,2025/08/07,RTRC H-525,Running,TRACTOR,View and Download
H-1349,NBB 2329,RTRC,2025/08/07,RTRC H-1349,Running,TRACTOR,View and Download
H-998,NCG 4608,RTRC,2025/08/07,RTRC H-998,Running,TRACTOR,View and Download
H-583,ARA 7552,RTRC,2025/08/07,RTRC H-583,Running,TRACTOR,View and Download
H-1792,NGU 2840,RTRC,2025/08/07,RTRC H-1792,Running,TRACTOR,View and Download
H-1018,NCG 4620,RTRC,2025/08/07,RTRC H-1018,Running,TRACTOR,View and Download
H-1286,NBA 1704,RTRC,2025/08/07,,Running,TRACTOR,View and Download
BO-834,130108,RTRC,2025/08/07,RTRC BO-834,Available,BULK,View and Download
BO-195,TUA 584,RTRC,2025/08/07,RTRC BO-195,Running,BULK,View and Download
BO-703,130106,RTRC,2025/08/07,RTRC BO 703,Running,BULK,View and Download
BO-072,TUC 335,RTRC,2025/08/07,RTRC BO-072,Running,BULK,View and Download
BO 950,NUB 1503,RTRC,2025/08/07,RTRC - BO 950,Available,BULK,View and Download
BO 962,NUB 1235,RTRC,2025/08/07,RTRC - BO 962,Available,BULK,View and Download
BO-139,AUA 4554,RTRC,2025/08/07,,Running,BULK,View and Download
BO 931,130104,RTRC,2025/08/07,,Running,BULK,View and Download
BO 934,130104,RTRC,2025/08/07,,Running,BULK,View and Download

BO-879 / T-118,130109,RTRC,2025/08/07,RTRC BO 879 / T-118,Available,FLATBED,View and Download
BO-698 / T-47,130104,RTRC,2025/08/07,RTRC BO 698,Running,FLATBED,View and Download
BO-513 / T-53,130110,RTRC,2025/08/07,RTRC BO 513,Running,FLATBED,View and Download
BO-870 / T-109,130109,RTRC,2025/08/07,RTRC BO 870,Available,FLATBED,View and Download
BO-303 / FB 04,130110,RTRC,2025/08/07,RTRC BO-303,Running,FLATBED,View and Download
H-1628,NFZ 4268,HVSP,2025/08/04,,Running,TRACTOR,View and Download
H-523,AAO 1097,HVSP,2025/07/31,HVSP H-523,Running,TRACTOR,View and Download
H-1021,NCE 1176,RTRC,2025/07/31,RTRC H-1021,Running,TRACTOR,View and Download
H-581,ARA 7547,HVSP,2025/07/31,,Running,TRACTOR,View and Download
H-1637,NEG 8467,HVSP,2025/07/31,,Running,TRACTOR,View and Download
H-1856,DAF 5434,RTRC,2025/07/27,,Running,TRACTOR,View and Download
H-1396,NBM 3955,RTRC,2025/07/27,,Running,TRACTOR,View and Download
H-1003,NCG 4612,RTRC,2025/07/27,,Running,TRACTOR,View and Download
BO-419,130105,RTRC,2025/07/27,,Running,BULK,View and Download
BO-347,130110,RTRC,2025/07/27,,Running,BULK,View and Download
BO-145,PUF 148,RTRC,2025/07/27,,Running,BULK,View and Download
BO-772,130103,RTRC,2025/07/27,,Running,BULK,View and Download
BO 913,N/A,RTRC,2025/07/27,,Running,FLATBED,View and Download
BO-758 / T-23,130110,RTRC,2025/07/27,,Running,FLATBED,View and Download
BO-868 / T-107,130109,RTRC,2025/07/27,,Available,FLATBED,View and Download
BO-863 / T-102,130109,RTRC,2025/07/27,,Running,FLATBED,View and Download
BO-171,AUA 4793,RTRC,2025/07/13,RTRC BO-171,Running,BULK,View and Download
BO-194,TUA 574,RTRC,2025/07/13,RTRC BO-194,Running,BULK,View and Download
BO-415,130105,RTRC,2025/07/13,RTRC BO-415,Running,BULK,View and Download
BO-798,130109,RTRC,2025/07/13,RTRC BO-798,Running,BULK,View and Download
BO-797,120106,RTRC,2025/07/13,RTRC BO-797,Running,BULK,View and Download
BO 961,NUB 1525,RTRC,2025/07/13,,Available,BULK,View and Download
BO 957,NUB 1516,RTRC,2025/07/13,,Available,BULK,View and Download
H-584,ARA 7550,PRODRIVER,2025/07/10,PRODRIVER H-584,Running,TRACTOR,View and Download
BO 913,N/A,PRODRIVER,2025/07/10,PRODRIVER BO 913,Running,FLATBED,View and Download
H-1855,DAF 9117,RTRC,2025/07/07,,Running,TRACTOR,View and Download
H-1786,NGU 2837,HVSP,2025/07/07,,Running,TRACTOR,View and Download
H-1855,DAF 9117,HVSP,2025/07/07,,Running,TRACTOR,View and Download
H-1819,NEP 6856,HVSP,2025/06/30,HVSP H-1819,Running,TRACTOR,View and Download
H-703,ABG 6436,HVSP,2025/06/30,HVSP H-703,Running,TRACTOR,View and Download
H-531,AAO 1106,HVSP,2025/06/30,,Running,TRACTOR,View and Download
H-1000,NCG 4616,HVSP,2025/06/30,,Running,TRACTOR,View and Download
H-1368,NBB 2334,RTRC,2025/06/29,RTRC H-1368,Running,TRACTOR,View and Download
H-1532,NBQ 5945,RTRC,2025/06/29,RTRC H-1532,Running,TRACTOR,View and Download
H-1364,NBB 2326,RTRC,2025/06/29,RTRC H-1364,Running,TRACTOR,View and Download
H-788,ABG 6429,RTRC,2025/06/29,RTRC H-788,Running,TRACTOR,View and Download
H-528,AAO 1103,RTRC,2025/06/29,RTRC H-528,Running,TRACTOR,View and Download
H-1704,NFY 5916,RTRC,2025/06/29,RTRC H-1704,Running,TRACTOR,View and Download
H-1753,NGP 1761,RTRC,2025/06/29,RTRC H-1753,Running,TRACTOR,View and Download
H-1301,NBA 1694,RTRC,2025/06/29,RTRC H-1301,Running,TRACTOR,View and Download
H-1299,NBA 1696,RTRC,2025/06/29,RTRC H-1299,Running,TRACTOR,View and Download
H-1012,NCG 4619,RTRC,2025/06/29,RTRC H-1012,Running,TRACTOR,View and Download
H-2082,NIK 4838,HVSP,2025/06/29,,Running,TRACTOR,View and Download
BO-371,130110,RTRC,2025/06/29,RTRC BO-371,Running,BULK,View and Download
BO-158,AUA 5172,RTRC,2025/06/29,RTRC BO-158,Running,BULK,View and Download
BO-092,AUA 5266,RTRC,2025/06/29,RTRC BO-092,Running,BULK,View and Download
BO-266,TUF 535,RTRC,2025/06/29,RTRC BO-266,Running,BULK,View and Download
BO-348,130110,RTRC,2025/06/29,RTRC BO-348,Running,BULK,View and Download
BO-144,TUH 225,RTRC,2025/06/29,RTRC BO 144,Running,BULK,View and Download
BO-705,130106,RTRC,2025/06/29,RTRC BO 705,Running,BULK,View and Download
BO-180,AUA 4783,RTRC,2025/06/29,RTRC BO-180,Running,BULK,View and Download
BO-904,AUA 9804,RTRC,2025/06/29,RTRC - BO 904,Running,BULK,View and Download
BO-297 / FB 41,130110,RTRC,2025/06/29,RTRC BO-297,Running,FLATBED,View and Download
H-773,ABG 6424,RTRC,2025/06/15,RTRC H-773,Running,TRACTOR,View and Download
H-712,ABG 6434,RTRC,2025/06/15,RTRC H-712,Running,TRACTOR,View and Download
H-1786,NGU 2837,RTRC,2025/06/15,RTRC H-1786,Running,TRACTOR,View and Download
H-1708,NFY 5913,RTRC,2025/06/15,RTRC H-1708,Running,TRACTOR,View and Download
H-1535,NBQ 5947,RTRC,2025/06/15,RTRC H-1535,Running,TRACTOR,View and Download
H-1306,NBA 1690,RTRC,2025/06/15,RTRC H-1306,Running,TRACTOR,View and Download
H-602,ARA 7548,RTRC,2025/06/15,RTRC H-602,Running,TRACTOR,View and Download
BO-651,130102,RTRC,2025/06/15,RTRC BO-651,Running,BULK,View and Download
BO 953,NUB 1506,RTRC,2025/06/15,,Available,BULK,View and Download
BO 966,NUB 1247,RTRC,2025/06/15,,Available,BULK,View and Download
BO 947,NUB 1494,RTRC,2025/06/15,,Available,BULK,View and Download
BO-610 / T-66,130110,RTRC,2025/06/15,RTRC BO 610 / T-66,Running,FLATBED,View and Download
H-1659,NFY 9036,HVSP,2025/06/07,HVSP H-1659,Running,TRACTOR,View and Download
H-1537,NBQ 5948,RTRC,2025/06/01,RTRC H-1537,Running,TRACTOR,View and Download
H-1020,NCE 1178,RTRC,2025/06/01,RTRC H-1020,Running,TRACTOR,View and Download
H-1046,NCF 8875,RTRC,2025/06/01,RTRC H-1046,Running,TRACTOR,View and Download
H-1302,NBA 1695,RTRC,2025/06/01,RTRC H-1302,Running,TRACTOR,View and Download
H-1366,NBB 2325,RTRC,2025/06/01,RTRC H-1366,Running,TRACTOR,View and Download
H-1399,NBM 3966,RTRC,2025/06/01,RTRC H-1399,Running,TRACTOR,View and Download
H-1369,NBB 2333,RTRC,2025/06/01,RTRC H-1369,Running,TRACTOR,View and Download
H-1383,NBM 3958,RTRC,2025/06/01,RTRC H-1383,Running,TRACTOR,View and Download
BO-374,130110,RTRC,2025/06/01,RTRC BO-374,Running,BULK,View and Download
BO-791,120106,RTRC,2025/06/01,RTRC BO-791,Running,BULK,View and Download
BO-430,130105,RTRC,2025/06/01,RTRC BO 430,Running,BULK,View and Download
BO-346,130110,RTRC,2025/06/01,RTRC BO 346,Running,BULK,View and Download
BO-906,AUA 8920,RTRC,2025/06/01,RTRC BO 906,Running,BULK,View and Download
BO-854,130107,RTRC,2025/06/01,RTRC BO-854,Available,FLATBED,View and Download
BO-859,130107,RTRC,2025/06/01,RTRC BO-859,Available,FLATBED,View and Download
BO-852,130107,RTRC,2025/06/01,RTRC BO-852,Available,FLATBED,View and Download
H-1997,NFL 4214,HVSP,2025/05/31,,Running,TRACTOR,View and Download
H-1992,NFL 4227,HVSP,2025/05/31,,Running,TRACTOR,View and Download
H-1655,NEG 8466,HVSP,2025/05/31,,Running,TRACTOR,View and Download
H-1982,NFL 4225,HVSP,2025/05/31,,Running,TRACTOR,View and Download
H-1983,NFL 4228,HVSP,2025/05/31,,Running,TRACTOR,View and Download
H-1996,NFL 4211,HVSP,2025/05/31,,Running,TRACTOR,View and Download
H-1979,NFL 4226,HVSP,2025/05/31,,Running,TRACTOR,View and Download
H-1984,NFL 4232,HVSP,2025/05/31,,Running,TRACTOR,View and Download
H-1999,NFL 4218,HVSP,2025/05/31,,Running,TRACTOR,View and Download
H-2004,NFL 4230,HVSP,2025/05/31,,Running,TRACTOR,View and Download
H-2002,NFL 4217,HVSP,2025/05/31,,Running,TRACTOR,View and Download
H-1369,NBB 2333,MILEAGE,2025/05/10,,Running,TRACTOR,View and Download
H-1400,NBM 3959,MILEAGE,2025/05/10,,Running,TRACTOR,View and Download

H-1674,NFY 5918,MILEAGE,2025/05/10,,Running,TRACTOR,View and Download
BO 937,130104,MILEAGE,2025/05/10,,Available,FLATBED,View and Download
BO-853,130107,RTRC,2025/05/04,RTRC BO 853,Available,FLATBED,View and Download
H-1400,NBM 3959,RTRC,2025/04/13,RTRC H-1400,Running,TRACTOR,View and Download
H-2135,NFS 6412,RTRC,2025/03/15,H-2135 - RTRC,Sold,TRACTOR,View and Download
BO-493 / ST-14,130107,RTRC,2025/02/25,T-14 - RTRC,Sold,FLATBED,View and Download
BO 926,130104,RTRC,2025/02/25,,Available,FLATBED,View and Download
BO 938,130104,RTRC,2025/02/04,,Available,FLATBED,View and Download
BO 935,130104,RTRC,2025/02/04,,Available,FLATBED,View and Download
BO 937,130104,RTRC,2025/01/28,,Available,FLATBED,View and Download
BO 932,130104,RTRC,2025/01/28,,Available,FLATBED,View and Download
BO 943,130104,RTRC,2025/01/28,,Available,FLATBED,View and Download
H-2091,NIK 4846,HVSP,2024/10/03,,Sold,TRACTOR,View and Download
H-2087,NIK 4848,HVSP,2024/10/03,,Sold,TRACTOR,View and Download
BO 931,130104,RTRC,2024/09/17,RTRC BO 931,Available,FLATBED,Download
BO 934,130104,RTRC,2024/09/17,RTRC BO 934,Available,FLATBED,Download
H-1396,NBM 3955,MILEAGE,2024/09/15,MILEAGE H-1396,Running,TRACTOR,View and Download
BO 943,130104,MILEAGE,2024/09/15,BO 943 - MILEAGE,Available,FLATBED,View and Download
H-1994,NFL 4212,RTRC,2024/06/04,RTRC H-1994,Running,TRACTOR,View and Download
BO-040,TUC 350,RTRC,2024/05/15,RTRC BO-040,Sold,BULK,Download
H-1367,NBB 2327,HVSP,2024/01/31,HVSP H-1367,Running,TRACTOR,View and Download
H-1380,NBM 3960,HVSP,2023/11/30,HVSP H-1380,Running,TRACTOR,View and Download
H-1380,NBM 3960,PRODRIVER,2023/11/09,PRODRIVER H-1380,Running,TRACTOR,View and Download
BO-085,TUA 617,RTRC,2023/10/12,RTRC BO 085,Return,FLATBED,Download
H-1360,NBK 4163,PRODRIVER,2023/09/20,PRODRIVER NBK4163,Sold,TRACTOR,View and Download
H-1043,NCF 8871,PRODRIVER,2023/09/10,PRODRIVER H-1043,Running,TRACTOR,View and Download
H-603,ARA 7549,HVSP,2023/09/07,HVSP H-603,Running,TRACTOR,View and Download
H-1656,NFY 9039,MILEAGE,2023/09/03,MILEAGE H-1656,Running,TRACTOR,View and Download
H-1399,NBM 3966,HVSP,2023/06/16,HVSP H-1399,Running,TRACTOR,View and Download
H-985,CCO5776,RTRC,2023/06/16,RTRC H-985,Sold,TRACTOR,Download
